No,X_train_Index,X_train_Word,y_train_Index,y_train_Word
1,4,acut,222,respiratori
2,4,acut,122,infect
3,222,respiratori,4,acut
4,222,respiratori,122,infect
5,222,respiratori,62,covid
6,122,infect,4,acut
7,122,infect,222,respiratori
8,122,infect,62,covid
9,122,infect,225,risk
10,62,covid,222,respiratori
11,62,covid,122,infect
12,62,covid,225,risk
13,62,covid,208,predict
14,225,risk,122,infect
15,225,risk,62,covid
16,225,risk,208,predict
17,225,risk,262,travel
18,208,predict,62,covid
19,208,predict,225,risk
20,208,predict,262,travel
21,208,predict,215,random
22,262,travel,225,risk
23,262,travel,208,predict
24,262,travel,215,random
25,262,travel,94,forest
26,215,random,208,predict
27,215,random,262,travel
28,215,random,94,forest
29,215,random,172,model
30,94,forest,262,travel
31,94,forest,215,random
32,94,forest,172,model
33,94,forest,128,jingbo
34,172,model,215,random
35,172,model,94,forest
36,172,model,128,jingbo
37,172,model,287,yu
38,128,jingbo,94,forest
39,128,jingbo,172,model
40,128,jingbo,287,yu
41,128,jingbo,105,hao
42,287,yu,172,model
43,287,yu,128,jingbo
44,287,yu,105,hao
45,287,yu,287,yu
46,105,hao,128,jingbo
47,105,hao,287,yu
48,105,hao,287,yu
49,105,hao,30,b
50,287,yu,287,yu
51,287,yu,105,hao
52,287,yu,30,b
53,287,yu,289,yume
54,30,b,105,hao
55,30,b,287,yu
56,30,b,289,yume
57,30,b,270,wang
58,289,yume,287,yu
59,289,yume,30,b
60,289,yume,270,wang
61,289,yume,44,c
62,270,wang,30,b
63,270,wang,289,yume
64,270,wang,44,c
65,270,wang,210,qiang
66,44,c,289,yume
67,44,c,270,wang
68,44,c,210,qiang
69,44,c,291,zeng
70,210,qiang,270,wang
71,210,qiang,44,c
72,210,qiang,291,zeng
73,210,qiang,197,orthopaed
74,291,zeng,44,c
75,291,zeng,210,qiang
76,291,zeng,197,orthopaed
77,291,zeng,124,institut
78,197,orthopaed,210,qiang
79,197,orthopaed,291,zeng
80,197,orthopaed,124,institut
81,197,orthopaed,257,tianjin
82,124,institut,291,zeng
83,124,institut,197,orthopaed
84,124,institut,257,tianjin
85,124,institut,257,tianjin
86,257,tianjin,197,orthopaed
87,257,tianjin,124,institut
88,257,tianjin,257,tianjin
89,257,tianjin,110,hospit
90,257,tianjin,124,institut
91,257,tianjin,257,tianjin
92,257,tianjin,110,hospit
93,257,tianjin,257,tianjin
94,110,hospit,257,tianjin
95,110,hospit,257,tianjin
96,110,hospit,257,tianjin
97,110,hospit,200,peopl
98,257,tianjin,257,tianjin
99,257,tianjin,110,hospit
100,257,tianjin,200,peopl
101,257,tianjin,219,republ
102,200,peopl,110,hospit
103,200,peopl,257,tianjin
104,200,peopl,219,republ
105,200,peopl,49,china
106,219,republ,257,tianjin
107,219,republ,200,peopl
108,219,republ,49,china
109,219,republ,30,b
110,49,china,200,peopl
111,49,china,219,republ
112,49,china,30,b
113,49,china,124,institut
114,30,b,219,republ
115,30,b,49,china
116,30,b,124,institut
117,30,b,194,oper
118,124,institut,49,china
119,124,institut,30,b
120,124,institut,194,oper
121,124,institut,212,qualiti
122,194,oper,30,b
123,194,oper,124,institut
124,194,oper,212,qualiti
125,194,oper,59,control
126,212,qualiti,124,institut
127,212,qualiti,194,oper
128,212,qualiti,59,control
129,212,qualiti,257,tianjin
130,59,control,194,oper
131,59,control,212,qualiti
132,59,control,257,tianjin
133,59,control,47,center
134,257,tianjin,212,qualiti
135,257,tianjin,59,control
136,257,tianjin,47,center
137,257,tianjin,73,diseas
138,47,center,59,control
139,47,center,257,tianjin
140,47,center,73,diseas
141,47,center,59,control
142,73,diseas,257,tianjin
143,73,diseas,47,center
144,73,diseas,59,control
145,73,diseas,209,prevent
146,59,control,47,center
147,59,control,73,diseas
148,59,control,209,prevent
149,59,control,257,tianjin
150,209,prevent,73,diseas
151,209,prevent,59,control
152,209,prevent,257,tianjin
153,209,prevent,200,peopl
154,257,tianjin,59,control
155,257,tianjin,209,prevent
156,257,tianjin,200,peopl
157,257,tianjin,219,republ
158,200,peopl,209,prevent
159,200,peopl,257,tianjin
160,200,peopl,219,republ
161,200,peopl,49,china
162,219,republ,257,tianjin
163,219,republ,200,peopl
164,219,republ,49,china
165,219,republ,44,c
166,49,china,200,peopl
167,49,china,219,republ
168,49,china,44,c
169,49,china,236,school
170,44,c,219,republ
171,44,c,49,china
172,44,c,236,school
173,44,c,107,health
174,236,school,49,china
175,236,school,44,c
176,236,school,107,health
177,236,school,161,manag
178,107,health,44,c
179,107,health,236,school
180,107,health,161,manag
181,107,health,257,tianjin
182,161,manag,236,school
183,161,manag,107,health
184,161,manag,257,tianjin
185,161,manag,168,medic
186,257,tianjin,107,health
187,257,tianjin,161,manag
188,257,tianjin,168,medic
189,257,tianjin,54,colleg
190,168,medic,161,manag
191,168,medic,257,tianjin
192,168,medic,54,colleg
193,54,colleg,257,tianjin
194,54,colleg,168,medic
195,60,correl,92,field
196,60,correl,166,measur
197,92,field,60,correl
198,92,field,166,measur
199,92,field,103,grain
200,166,measur,60,correl
201,166,measur,92,field
202,166,measur,103,grain
203,166,measur,174,moistur
204,103,grain,92,field
205,103,grain,166,measur
206,103,grain,174,moistur
207,103,grain,58,content
208,174,moistur,166,measur
209,174,moistur,103,grain
210,174,moistur,58,content
211,174,moistur,44,c
212,58,content,103,grain
213,58,content,174,moistur
214,58,content,44,c
215,58,content,33,band
216,44,c,174,moistur
217,44,c,58,content
218,44,c,33,band
219,44,c,229,sar
220,33,band,58,content
221,33,band,44,c
222,33,band,229,sar
223,33,band,31,backscatt
224,229,sar,44,c
225,229,sar,33,band
226,229,sar,31,backscatt
227,229,sar,206,potenti
228,31,backscatt,33,band
229,31,backscatt,229,sar
230,31,backscatt,206,potenti
231,31,backscatt,266,use
232,206,potenti,229,sar
233,206,potenti,31,backscatt
234,206,potenti,266,use
235,206,potenti,241,sentinel
236,266,use,31,backscatt
237,266,use,206,potenti
238,266,use,241,sentinel
239,266,use,229,sar
240,241,sentinel,206,potenti
241,241,sentinel,266,use
242,241,sentinel,229,sar
243,241,sentinel,66,data
244,229,sar,266,use
245,229,sar,241,sentinel
246,229,sar,66,data
247,229,sar,84,estim
248,66,data,241,sentinel
249,66,data,229,sar
250,66,data,84,estim
251,66,data,195,optim
252,84,estim,229,sar
253,84,estim,66,data
254,84,estim,195,optim
255,84,estim,106,harvest
256,195,optim,66,data
257,195,optim,84,estim
258,195,optim,106,harvest
259,195,optim,258,time
260,106,harvest,84,estim
261,106,harvest,195,optim
262,106,harvest,258,time
263,106,harvest,224,rice
264,258,time,195,optim
265,258,time,106,harvest
266,258,time,224,rice
267,258,time,63,crop
268,224,rice,106,harvest
269,224,rice,258,time
270,224,rice,63,crop
271,224,rice,64,cultiv
272,63,crop,258,time
273,63,crop,224,rice
274,63,crop,64,cultiv
275,63,crop,243,shoko
276,64,cultiv,224,rice
277,64,cultiv,63,crop
278,64,cultiv,243,shoko
279,64,cultiv,140,kobayashia
280,243,shoko,63,crop
281,243,shoko,64,cultiv
282,243,shoko,140,kobayashia
283,243,shoko,130,john
284,140,kobayashia,64,cultiv
285,140,kobayashia,243,shoko
286,140,kobayashia,130,john
287,140,kobayashia,201,philip
288,130,john,243,shoko
289,130,john,140,kobayashia
290,130,john,201,philip
291,130,john,164,matthewsb
292,201,philip,140,kobayashia
293,201,philip,130,john
294,201,philip,164,matthewsb
295,201,philip,44,c
296,164,matthewsb,130,john
297,164,matthewsb,201,philip
298,164,matthewsb,44,c
299,164,matthewsb,2,acolleg
300,44,c,201,philip
301,44,c,164,matthewsb
302,44,c,2,acolleg
303,44,c,9,agricultur
304,2,acolleg,164,matthewsb
305,2,acolleg,44,c
306,2,acolleg,9,agricultur
307,2,acolleg,253,tamagawa
308,9,agricultur,44,c
309,9,agricultur,2,acolleg
310,9,agricultur,253,tamagawa
311,9,agricultur,265,univers
312,253,tamagawa,2,acolleg
313,253,tamagawa,9,agricultur
314,253,tamagawa,265,univers
315,253,tamagawa,253,tamagawa
316,265,univers,9,agricultur
317,265,univers,253,tamagawa
318,265,univers,253,tamagawa
319,265,univers,98,gakuen
320,253,tamagawa,253,tamagawa
321,253,tamagawa,265,univers
322,253,tamagawa,98,gakuen
323,253,tamagawa,157,machida
324,98,gakuen,265,univers
325,98,gakuen,253,tamagawa
326,98,gakuen,157,machida
327,98,gakuen,259,tokyo
328,157,machida,253,tamagawa
329,157,machida,98,gakuen
330,157,machida,259,tokyo
331,157,machida,127,japan
332,259,tokyo,98,gakuen
333,259,tokyo,157,machida
334,259,tokyo,127,japan
335,259,tokyo,37,benvironment
336,127,japan,157,machida
337,127,japan,259,tokyo
338,127,japan,37,benvironment
339,127,japan,231,satellit
340,37,benvironment,259,tokyo
341,37,benvironment,127,japan
342,37,benvironment,231,satellit
343,37,benvironment,20,applic
344,231,satellit,127,japan
345,231,satellit,37,benvironment
346,231,satellit,20,applic
347,231,satellit,82,ensa
348,20,applic,37,benvironment
349,20,applic,231,satellit
350,20,applic,82,ensa
351,20,applic,155,lli
352,82,ensa,231,satellit
353,82,ensa,20,applic
354,82,ensa,155,lli
355,82,ensa,29,awel
356,155,lli,20,applic
357,155,lli,82,ensa
358,155,lli,29,awel
359,155,lli,176,mount
360,29,awel,82,ensa
361,29,awel,155,lli
362,29,awel,176,mount
363,29,awel,249,street
364,176,mount,155,lli
365,176,mount,29,awel
366,176,mount,249,street
367,176,mount,169,menai
368,249,street,29,awel
369,249,street,176,mount
370,249,street,169,menai
371,249,street,41,bridg
372,169,menai,176,mount
373,169,menai,249,street
374,169,menai,41,bridg
375,169,menai,17,anglesey
376,41,bridg,249,street
377,41,bridg,169,menai
378,41,bridg,17,anglesey
379,41,bridg,86,ey
380,17,anglesey,169,menai
381,17,anglesey,41,bridg
382,17,anglesey,86,ey
383,17,anglesey,264,uk
384,86,ey,41,bridg
385,86,ey,17,anglesey
386,86,ey,264,uk
387,264,uk,17,anglesey
388,264,uk,86,ey
389,90,farm,147,level
390,90,farm,284,yield
391,147,level,90,farm
392,147,level,284,yield
393,147,level,208,predict
394,284,yield,90,farm
395,284,yield,147,level
396,284,yield,208,predict
397,284,yield,160,maiz
398,208,predict,147,level
399,208,predict,284,yield
400,208,predict,160,maiz
401,208,predict,224,rice
402,160,maiz,284,yield
403,160,maiz,208,predict
404,160,maiz,224,rice
405,160,maiz,36,bean
406,224,rice,208,predict
407,224,rice,160,maiz
408,224,rice,36,bean
409,224,rice,254,tanzania
410,36,bean,160,maiz
411,36,bean,224,rice
412,36,bean,254,tanzania
413,36,bean,266,use
414,254,tanzania,224,rice
415,254,tanzania,36,bean
416,254,tanzania,266,use
417,254,tanzania,158,machin
418,266,use,36,bean
419,266,use,254,tanzania
420,266,use,158,machin
421,266,use,146,learn
422,158,machin,254,tanzania
423,158,machin,266,use
424,158,machin,146,learn
425,158,machin,177,multi
426,146,learn,266,use
427,146,learn,158,machin
428,146,learn,177,multi
429,146,learn,246,sourc
430,177,multi,158,machin
431,177,multi,146,learn
432,177,multi,246,sourc
433,177,multi,9,agricultur
434,246,sourc,146,learn
435,246,sourc,177,multi
436,246,sourc,9,agricultur
437,246,sourc,66,data
438,9,agricultur,177,multi
439,9,agricultur,246,sourc
440,9,agricultur,66,data
441,9,agricultur,32,balli
442,66,data,246,sourc
443,66,data,9,agricultur
444,66,data,32,balli
445,66,data,193,omarya
446,32,balli,9,agricultur
447,32,balli,66,data
448,32,balli,193,omarya
449,32,balli,30,b
450,193,omarya,66,data
451,193,omarya,32,balli
452,193,omarya,30,b
453,193,omarya,179,mussa
454,30,b,32,balli
455,30,b,193,omarya
456,30,b,179,mussa
457,30,b,72,didaa
458,179,mussa,193,omarya
459,179,mussa,30,b
460,179,mussa,72,didaa
461,179,mussa,71,devotha
462,72,didaa,30,b
463,72,didaa,179,mussa
464,72,didaa,71,devotha
465,72,didaa,97,g
466,71,devotha,179,mussa
467,71,devotha,72,didaa
468,71,devotha,97,g
469,71,devotha,187,nyamboa
470,97,g,72,didaa
471,97,g,71,devotha
472,97,g,187,nyamboa
473,97,g,23,aschool
474,187,nyamboa,71,devotha
475,187,nyamboa,97,g
476,187,nyamboa,23,aschool
477,187,nyamboa,57,comput
478,23,aschool,97,g
479,23,aschool,187,nyamboa
480,23,aschool,57,comput
481,23,aschool,56,commun
482,57,comput,187,nyamboa
483,57,comput,23,aschool
484,57,comput,56,commun
485,57,comput,237,scienc
486,56,commun,23,aschool
487,56,commun,57,comput
488,56,commun,237,scienc
489,56,commun,81,engin
490,237,scienc,57,comput
491,237,scienc,56,commun
492,237,scienc,81,engin
493,237,scienc,53,cocs
494,81,engin,56,commun
495,81,engin,237,scienc
496,81,engin,53,cocs
497,81,engin,184,nelson
498,53,cocs,237,scienc
499,53,cocs,81,engin
500,53,cocs,184,nelson
501,53,cocs,162,mandela
502,184,nelson,81,engin
503,184,nelson,53,cocs
504,184,nelson,162,mandela
505,184,nelson,8,african
506,162,mandela,53,cocs
507,162,mandela,184,nelson
508,162,mandela,8,african
509,162,mandela,124,institut
510,8,african,184,nelson
511,8,african,162,mandela
512,8,african,124,institut
513,8,african,237,scienc
514,124,institut,162,mandela
515,124,institut,8,african
516,124,institut,237,scienc
517,124,institut,255,technolog
518,237,scienc,8,african
519,237,scienc,124,institut
520,237,scienc,255,technolog
521,237,scienc,186,nm
522,255,technolog,124,institut
523,255,technolog,237,scienc
524,255,technolog,186,nm
525,255,technolog,11,aist
526,186,nm,237,scienc
527,186,nm,255,technolog
528,186,nm,11,aist
529,186,nm,198,p
530,11,aist,255,technolog
531,11,aist,186,nm
532,11,aist,198,p
533,11,aist,40,box
534,198,p,186,nm
535,198,p,11,aist
536,198,p,40,box
537,198,p,22,arusha
538,40,box,11,aist
539,40,box,198,p
540,40,box,22,arusha
541,40,box,254,tanzania
542,22,arusha,198,p
543,22,arusha,40,box
544,22,arusha,254,tanzania
545,22,arusha,35,bdepart
546,254,tanzania,40,box
547,254,tanzania,22,arusha
548,254,tanzania,35,bdepart
549,254,tanzania,57,comput
550,35,bdepart,22,arusha
551,35,bdepart,254,tanzania
552,35,bdepart,57,comput
553,35,bdepart,237,scienc
554,57,comput,254,tanzania
555,57,comput,35,bdepart
556,57,comput,237,scienc
557,57,comput,81,engin
558,237,scienc,35,bdepart
559,237,scienc,57,comput
560,237,scienc,81,engin
561,237,scienc,165,mbeya
562,81,engin,57,comput
563,81,engin,237,scienc
564,81,engin,165,mbeya
565,81,engin,265,univers
566,165,mbeya,237,scienc
567,165,mbeya,81,engin
568,165,mbeya,265,univers
569,165,mbeya,237,scienc
570,265,univers,81,engin
571,265,univers,165,mbeya
572,265,univers,237,scienc
573,265,univers,255,technolog
574,237,scienc,165,mbeya
575,237,scienc,265,univers
576,237,scienc,255,technolog
577,237,scienc,180,must
578,255,technolog,265,univers
579,255,technolog,237,scienc
580,255,technolog,180,must
581,180,must,237,scienc
582,180,must,255,technolog
583,58,content,152,list
584,58,content,28,avail
585,152,list,58,content
586,152,list,28,avail
587,152,list,238,sciencedirect
588,28,avail,58,content
589,28,avail,152,list
590,28,avail,238,sciencedirect
591,28,avail,223,result
592,238,sciencedirect,152,list
593,238,sciencedirect,28,avail
594,238,sciencedirect,223,result
595,238,sciencedirect,81,engin
596,223,result,28,avail
597,223,result,238,sciencedirect
598,223,result,81,engin
599,223,result,131,journal
600,81,engin,238,sciencedirect
601,81,engin,223,result
602,81,engin,131,journal
603,81,engin,109,homepag
604,131,journal,223,result
605,131,journal,81,engin
606,131,journal,109,homepag
607,131,journal,276,www
608,109,homepag,81,engin
609,109,homepag,131,journal
610,109,homepag,276,www
611,109,homepag,238,sciencedirect
612,276,www,131,journal
613,276,www,109,homepag
614,276,www,238,sciencedirect
615,276,www,55,com
616,238,sciencedirect,109,homepag
617,238,sciencedirect,276,www
618,238,sciencedirect,55,com
619,238,sciencedirect,131,journal
620,55,com,276,www
621,55,com,238,sciencedirect
622,55,com,131,journal
623,55,com,223,result
624,131,journal,238,sciencedirect
625,131,journal,55,com
626,131,journal,223,result
627,131,journal,81,engin
628,223,result,55,com
629,223,result,131,journal
630,223,result,81,engin
631,223,result,220,research
632,81,engin,131,journal
633,81,engin,223,result
634,81,engin,220,research
635,81,engin,199,paper
636,220,research,223,result
637,220,research,81,engin
638,220,research,199,paper
639,220,research,195,optim
640,199,paper,81,engin
641,199,paper,220,research
642,199,paper,195,optim
643,199,paper,224,rice
644,195,optim,220,research
645,195,optim,199,paper
646,195,optim,224,rice
647,195,optim,284,yield
648,224,rice,199,paper
649,224,rice,195,optim
650,224,rice,284,yield
651,224,rice,208,predict
652,284,yield,195,optim
653,284,yield,224,rice
654,284,yield,208,predict
655,284,yield,205,polici
656,208,predict,224,rice
657,208,predict,284,yield
658,208,predict,205,polici
659,208,predict,196,orient
660,205,polici,284,yield
661,205,polici,208,predict
662,205,polici,196,orient
663,205,polici,21,approach
664,196,orient,208,predict
665,196,orient,205,polici
666,196,orient,21,approach
667,196,orient,9,agricultur
668,21,approach,205,polici
669,21,approach,196,orient
670,21,approach,9,agricultur
671,21,approach,251,sustain
672,9,agricultur,196,orient
673,9,agricultur,21,approach
674,9,agricultur,251,sustain
675,9,agricultur,230,sarukb
676,251,sustain,21,approach
677,251,sustain,9,agricultur
678,251,sustain,230,sarukb
679,251,sustain,175,mokesh
680,230,sarukb,9,agricultur
681,230,sarukb,251,sustain
682,230,sarukb,175,mokesh
683,230,sarukb,216,rayalug
684,175,mokesh,251,sustain
685,175,mokesh,230,sarukb
686,175,mokesh,216,rayalug
687,175,mokesh,236,school
688,216,rayalug,230,sarukb
689,216,rayalug,175,mokesh
690,216,rayalug,236,school
691,216,rayalug,7,advanc
692,236,school,175,mokesh
693,236,school,216,rayalug
694,236,school,7,advanc
695,236,school,237,scienc
696,7,advanc,216,rayalug
697,7,advanc,236,school
698,7,advanc,237,scienc
699,7,advanc,268,vellor
700,237,scienc,236,school
701,237,scienc,7,advanc
702,237,scienc,268,vellor
703,237,scienc,124,institut
704,268,vellor,7,advanc
705,268,vellor,237,scienc
706,268,vellor,124,institut
707,268,vellor,255,technolog
708,124,institut,237,scienc
709,124,institut,268,vellor
710,124,institut,255,technolog
711,124,institut,268,vellor
712,255,technolog,268,vellor
713,255,technolog,124,institut
714,255,technolog,268,vellor
715,255,technolog,119,india
716,268,vellor,124,institut
717,268,vellor,255,technolog
718,268,vellor,119,india
719,268,vellor,214,r
720,119,india,255,technolog
721,119,india,268,vellor
722,119,india,214,r
723,119,india,44,c
724,214,r,268,vellor
725,214,r,119,india
726,214,r,44,c
727,214,r,143,l
728,44,c,119,india
729,44,c,214,r
730,44,c,143,l
731,44,c,79,e
732,143,l,214,r
733,143,l,44,c
734,143,l,79,e
735,143,l,181,n
736,79,e,44,c
737,79,e,143,l
738,79,e,181,n
739,79,e,87,f
740,181,n,143,l
741,181,n,79,e
742,181,n,87,f
743,181,n,30,b
744,87,f,79,e
745,87,f,181,n
746,87,f,30,b
747,87,f,214,r
748,30,b,181,n
749,30,b,87,f
750,30,b,214,r
751,30,b,44,c
752,214,r,87,f
753,214,r,30,b
754,214,r,44,c
755,214,r,138,keyword
756,44,c,30,b
757,44,c,214,r
758,44,c,138,keyword
759,44,c,224,rice
760,138,keyword,214,r
761,138,keyword,44,c
762,138,keyword,224,rice
763,138,keyword,284,yield
764,224,rice,44,c
765,224,rice,138,keyword
766,224,rice,284,yield
767,224,rice,208,predict
768,284,yield,138,keyword
769,284,yield,224,rice
770,284,yield,208,predict
771,284,yield,158,machin
772,208,predict,224,rice
773,208,predict,284,yield
774,208,predict,158,machin
775,158,machin,284,yield
776,158,machin,208,predict
777,131,journal,190,ofintegr
778,131,journal,9,agricultur
779,190,ofintegr,131,journal
780,190,ofintegr,9,agricultur
781,190,ofintegr,288,yuchenwu
782,9,agricultur,131,journal
783,9,agricultur,190,ofintegr
784,9,agricultur,288,yuchenwu
785,9,agricultur,79,e
786,288,yuchenwu,190,ofintegr
787,288,yuchenwu,9,agricultur
788,288,yuchenwu,79,e
789,288,yuchenwu,159,mail
790,79,e,9,agricultur
791,79,e,288,yuchenwu
792,79,e,159,mail
793,79,e,211,qq
794,159,mail,288,yuchenwu
795,159,mail,79,e
796,159,mail,211,qq
797,159,mail,55,com
798,211,qq,79,e
799,211,qq,159,mail
800,211,qq,55,com
801,211,qq,61,correspond
802,55,com,159,mail
803,55,com,211,qq
804,55,com,61,correspond
805,55,com,27,author
806,61,correspond,211,qq
807,61,correspond,55,com
808,61,correspond,27,author
809,61,correspond,79,e
810,27,author,55,com
811,27,author,61,correspond
812,27,author,79,e
813,27,author,159,mail
814,79,e,61,correspond
815,79,e,27,author
816,79,e,159,mail
817,79,e,271,wanglihua
818,159,mail,27,author
819,159,mail,79,e
820,159,mail,271,wanglihua
821,159,mail,183,nbu
822,271,wanglihua,79,e
823,271,wanglihua,159,mail
824,271,wanglihua,183,nbu
825,271,wanglihua,80,edu
826,183,nbu,159,mail
827,183,nbu,271,wanglihua
828,183,nbu,80,edu
829,183,nbu,52,cnphase
830,80,edu,271,wanglihua
831,80,edu,183,nbu
832,80,edu,52,cnphase
833,80,edu,78,dynam
834,52,cnphase,183,nbu
835,52,cnphase,80,edu
836,52,cnphase,78,dynam
837,52,cnphase,12,analysi
838,78,dynam,80,edu
839,78,dynam,52,cnphase
840,78,dynam,12,analysi
841,78,dynam,15,andpredict
842,12,analysi,52,cnphase
843,12,analysi,78,dynam
844,12,analysi,15,andpredict
845,12,analysi,192,ofricechilosuppressali
846,15,andpredict,78,dynam
847,15,andpredict,12,analysi
848,15,andpredict,192,ofricechilosuppressali
849,15,andpredict,125,integr
850,192,ofricechilosuppressali,12,analysi
851,192,ofricechilosuppressali,15,andpredict
852,192,ofricechilosuppressali,125,integr
853,192,ofricechilosuppressali,218,remot
854,125,integr,15,andpredict
855,125,integr,192,ofricechilosuppressali
856,125,integr,218,remot
857,125,integr,240,sens
858,218,remot,192,ofricechilosuppressali
859,218,remot,125,integr
860,218,remot,240,sens
861,218,remot,202,physiolog
862,240,sens,125,integr
863,240,sens,218,remot
864,240,sens,202,physiolog
865,240,sens,121,indic
866,202,physiolog,218,remot
867,202,physiolog,240,sens
868,202,physiolog,121,indic
869,202,physiolog,14,andenvironment
870,121,indic,240,sens
871,121,indic,202,physiolog
872,121,indic,14,andenvironment
873,121,indic,88,factor
874,14,andenvironment,202,physiolog
875,14,andenvironment,121,indic
876,14,andenvironment,88,factor
877,14,andenvironment,288,yuchenwu
878,88,factor,121,indic
879,88,factor,14,andenvironment
880,88,factor,288,yuchenwu
881,88,factor,151,lihuawang
882,288,yuchenwu,14,andenvironment
883,288,yuchenwu,88,factor
884,288,yuchenwu,151,lihuawang
885,288,yuchenwu,282,yanxiaobao
886,151,lihuawang,88,factor
887,151,lihuawang,288,yuchenwu
888,151,lihuawang,282,yanxiaobao
889,151,lihuawang,274,weiweisun
890,282,yanxiaobao,288,yuchenwu
891,282,yanxiaobao,151,lihuawang
892,282,yanxiaobao,274,weiweisun
893,282,yanxiaobao,296,zhiyuanyao
894,274,weiweisun,151,lihuawang
895,274,weiweisun,282,yanxiaobao
896,274,weiweisun,296,zhiyuanyao
897,274,weiweisun,99,gangyang
898,296,zhiyuanyao,282,yanxiaobao
899,296,zhiyuanyao,274,weiweisun
900,296,zhiyuanyao,99,gangyang
901,296,zhiyuanyao,290,yumiaowang
902,99,gangyang,274,weiweisun
903,99,gangyang,296,zhiyuanyao
904,99,gangyang,290,yumiaowang
905,99,gangyang,236,school
906,290,yumiaowang,296,zhiyuanyao
907,290,yumiaowang,99,gangyang
908,290,yumiaowang,236,school
909,290,yumiaowang,189,ofgeographi
910,236,school,99,gangyang
911,236,school,290,yumiaowang
912,236,school,189,ofgeographi
913,236,school,16,andremot
914,189,ofgeographi,290,yumiaowang
915,189,ofgeographi,236,school
916,189,ofgeographi,16,andremot
917,189,ofgeographi,240,sens
918,16,andremot,236,school
919,16,andremot,189,ofgeographi
920,16,andremot,240,sens
921,16,andremot,185,ningbo
922,240,sens,189,ofgeographi
923,240,sens,16,andremot
924,240,sens,185,ningbo
925,240,sens,265,univers
926,185,ningbo,16,andremot
927,185,ningbo,240,sens
928,185,ningbo,265,univers
929,185,ningbo,185,ningbo
930,265,univers,240,sens
931,265,univers,185,ningbo
932,265,univers,185,ningbo
933,265,univers,49,china
934,185,ningbo,185,ningbo
935,185,ningbo,265,univers
936,185,ningbo,49,china
937,185,ningbo,185,ningbo
938,49,china,265,univers
939,49,china,185,ningbo
940,49,china,185,ningbo
941,49,china,137,keylaboratori
942,185,ningbo,185,ningbo
943,185,ningbo,49,china
944,185,ningbo,137,keylaboratori
945,185,ningbo,191,ofremot
946,137,keylaboratori,49,china
947,137,keylaboratori,185,ningbo
948,137,keylaboratori,191,ofremot
949,137,keylaboratori,240,sens
950,191,ofremot,185,ningbo
951,191,ofremot,137,keylaboratori
952,191,ofremot,240,sens
953,191,ofremot,13,andecolog
954,240,sens,137,keylaboratori
955,240,sens,191,ofremot
956,240,sens,13,andecolog
957,240,sens,239,secur
958,13,andecolog,191,ofremot
959,13,andecolog,240,sens
960,13,andecolog,239,secur
961,13,andecolog,188,ofcoast
962,239,secur,240,sens
963,239,secur,13,andecolog
964,239,secur,188,ofcoast
965,239,secur,299,zone
966,188,ofcoast,13,andecolog
967,188,ofcoast,239,secur
968,188,ofcoast,299,zone
969,299,zone,239,secur
970,299,zone,188,ofcoast
971,203,plant,147,level
972,203,plant,284,yield
973,147,level,203,plant
974,147,level,284,yield
975,147,level,208,predict
976,284,yield,203,plant
977,284,yield,147,level
978,284,yield,208,predict
979,284,yield,213,quinoa
980,208,predict,147,level
981,208,predict,284,yield
982,208,predict,213,quinoa
983,208,predict,92,field
984,213,quinoa,284,yield
985,213,quinoa,208,predict
986,213,quinoa,92,field
987,213,quinoa,204,plot
988,92,field,208,predict
989,92,field,213,quinoa
990,92,field,204,plot
991,92,field,3,across
992,204,plot,213,quinoa
993,204,plot,92,field
994,204,plot,3,across
995,204,plot,104,growth
996,3,across,92,field
997,3,across,204,plot
998,3,across,104,growth
999,3,across,248,stage
1000,104,growth,204,plot
1001,104,growth,3,across
1002,104,growth,248,stage
1003,104,growth,266,use
1004,248,stage,3,across
1005,248,stage,104,growth
1006,248,stage,266,use
1007,248,stage,263,uav
1008,266,use,104,growth
1009,266,use,248,stage
1010,266,use,263,uav
1011,266,use,70,deriv
1012,263,uav,248,stage
1013,263,uav,266,use
1014,263,uav,70,deriv
1015,263,uav,250,structur
1016,70,deriv,266,use
1017,70,deriv,263,uav
1018,70,deriv,250,structur
1019,70,deriv,247,spectral
1020,250,structur,263,uav
1021,250,structur,70,deriv
1022,250,structur,247,spectral
1023,250,structur,91,featur
1024,247,spectral,70,deriv
1025,247,spectral,250,structur
1026,247,spectral,91,featur
1027,247,spectral,158,machin
1028,91,featur,250,structur
1029,91,featur,247,spectral
1030,91,featur,158,machin
1031,91,featur,146,learn
1032,158,machin,247,spectral
1033,158,machin,91,featur
1034,158,machin,146,learn
1035,158,machin,234,sayo
1036,146,learn,91,featur
1037,146,learn,158,machin
1038,146,learn,234,sayo
1039,146,learn,242,sesaya
1040,234,sayo,158,machin
1041,234,sayo,146,learn
1042,234,sayo,242,sesaya
1043,234,sayo,260,tomoaki
1044,242,sesaya,146,learn
1045,242,sesaya,234,sayo
1046,242,sesaya,260,tomoaki
1047,242,sesaya,278,yamaguchib
1048,260,tomoaki,234,sayo
1049,260,tomoaki,242,sesaya
1050,260,tomoaki,278,yamaguchib
1051,260,tomoaki,233,sayako
1052,278,yamaguchib,242,sesaya
1053,278,yamaguchib,260,tomoaki
1054,278,yamaguchib,233,sayako
1055,278,yamaguchib,142,kushinoa
1056,233,sayako,260,tomoaki
1057,233,sayako,278,yamaguchib
1058,233,sayako,142,kushinoa
1059,233,sayako,283,yasuharu
1060,142,kushinoa,278,yamaguchib
1061,142,kushinoa,233,sayako
1062,142,kushinoa,283,yasuharu
1063,142,kushinoa,286,yoshikawac
1064,283,yasuharu,233,sayako
1065,283,yasuharu,142,kushinoa
1066,283,yasuharu,286,yoshikawac
1067,283,yasuharu,244,shunsuk
1068,286,yoshikawac,142,kushinoa
1069,286,yoshikawac,283,yasuharu
1070,286,yoshikawac,244,shunsuk
1071,286,yoshikawac,5,adach
1072,244,shunsuk,283,yasuharu
1073,244,shunsuk,286,yoshikawac
1074,244,shunsuk,5,adach
1075,244,shunsuk,135,keisuk
1076,5,adach,286,yoshikawac
1077,5,adach,244,shunsuk
1078,5,adach,135,keisuk
1079,5,adach,134,katsurad
1080,135,keisuk,244,shunsuk
1081,135,keisuk,5,adach
1082,135,keisuk,134,katsurad
1083,135,keisuk,26,aunit
1084,134,katsurad,5,adach
1085,134,katsurad,135,keisuk
1086,134,katsurad,26,aunit
1087,134,katsurad,102,graduat
1088,26,aunit,135,keisuk
1089,26,aunit,134,katsurad
1090,26,aunit,102,graduat
1091,26,aunit,236,school
1092,102,graduat,134,katsurad
1093,102,graduat,26,aunit
1094,102,graduat,236,school
1095,102,graduat,9,agricultur
1096,236,school,26,aunit
1097,236,school,102,graduat
1098,236,school,9,agricultur
1099,236,school,237,scienc
1100,9,agricultur,102,graduat
1101,9,agricultur,236,school
1102,9,agricultur,237,scienc
1103,9,agricultur,259,tokyo
1104,237,scienc,236,school
1105,237,scienc,9,agricultur
1106,237,scienc,259,tokyo
1107,237,scienc,265,univers
1108,259,tokyo,9,agricultur
1109,259,tokyo,237,scienc
1110,259,tokyo,265,univers
1111,259,tokyo,9,agricultur
1112,265,univers,237,scienc
1113,265,univers,259,tokyo
1114,265,univers,9,agricultur
1115,265,univers,255,technolog
1116,9,agricultur,259,tokyo
1117,9,agricultur,265,univers
1118,9,agricultur,255,technolog
1119,9,agricultur,96,fuchu
1120,255,technolog,265,univers
1121,255,technolog,9,agricultur
1122,255,technolog,96,fuchu
1123,255,technolog,259,tokyo
1124,96,fuchu,9,agricultur
1125,96,fuchu,255,technolog
1126,96,fuchu,259,tokyo
1127,96,fuchu,127,japan
1128,259,tokyo,255,technolog
1129,259,tokyo,96,fuchu
1130,259,tokyo,127,japan
1131,259,tokyo,38,bfaculti
1132,127,japan,96,fuchu
1133,127,japan,259,tokyo
1134,127,japan,38,bfaculti
1135,127,japan,19,appli
1136,38,bfaculti,259,tokyo
1137,38,bfaculti,127,japan
1138,38,bfaculti,19,appli
1139,38,bfaculti,39,biolog
1140,19,appli,127,japan
1141,19,appli,38,bfaculti
1142,19,appli,39,biolog
1143,19,appli,237,scienc
1144,39,biolog,38,bfaculti
1145,39,biolog,19,appli
1146,39,biolog,237,scienc
1147,39,biolog,101,gifu
1148,237,scienc,19,appli
1149,237,scienc,39,biolog
1150,237,scienc,101,gifu
1151,237,scienc,265,univers
1152,101,gifu,39,biolog
1153,101,gifu,237,scienc
1154,101,gifu,265,univers
1155,101,gifu,280,yanagido
1156,265,univers,237,scienc
1157,265,univers,101,gifu
1158,265,univers,280,yanagido
1159,265,univers,101,gifu
1160,280,yanagido,101,gifu
1161,280,yanagido,265,univers
1162,280,yanagido,101,gifu
1163,101,gifu,265,univers
1164,101,gifu,280,yanagido
1165,208,predict,76,driver
1166,208,predict,261,transfer
1167,76,driver,208,predict
1168,76,driver,261,transfer
1169,76,driver,177,multi
1170,261,transfer,208,predict
1171,261,transfer,76,driver
1172,261,transfer,177,multi
1173,261,transfer,235,scale
1174,177,multi,76,driver
1175,177,multi,261,transfer
1176,177,multi,235,scale
1177,177,multi,158,machin
1178,235,scale,261,transfer
1179,235,scale,177,multi
1180,235,scale,158,machin
1181,235,scale,146,learn
1182,158,machin,177,multi
1183,158,machin,235,scale
1184,158,machin,146,learn
1185,158,machin,34,base
1186,146,learn,235,scale
1187,146,learn,158,machin
1188,146,learn,34,base
1189,146,learn,63,crop
1190,34,base,158,machin
1191,34,base,146,learn
1192,34,base,63,crop
1193,34,base,284,yield
1194,63,crop,146,learn
1195,63,crop,34,base
1196,63,crop,284,yield
1197,63,crop,208,predict
1198,284,yield,34,base
1199,284,yield,63,crop
1200,284,yield,208,predict
1201,284,yield,77,drought
1202,208,predict,63,crop
1203,208,predict,284,yield
1204,208,predict,77,drought
1205,208,predict,3,across
1206,77,drought,284,yield
1207,77,drought,208,predict
1208,77,drought,3,across
1209,77,drought,85,european
1210,3,across,208,predict
1211,3,across,77,drought
1212,3,across,85,european
1213,3,across,24,asian
1214,85,european,77,drought
1215,85,european,3,across
1216,85,european,24,asian
1217,85,european,51,climat
1218,24,asian,3,across
1219,24,asian,85,european
1220,24,asian,51,climat
1221,24,asian,108,hempushpa
1222,51,climat,85,european
1223,51,climat,24,asian
1224,51,climat,108,hempushpa
1225,51,climat,228,sahua
1226,108,hempushpa,24,asian
1227,108,hempushpa,51,climat
1228,108,hempushpa,228,sahua
1229,108,hempushpa,30,b
1230,228,sahua,51,climat
1231,228,sahua,108,hempushpa
1232,228,sahua,30,b
1233,228,sahua,207,pradeep
1234,30,b,108,hempushpa
1235,30,b,228,sahua
1236,30,b,207,pradeep
1237,30,b,141,kumar
1238,207,pradeep,228,sahua
1239,207,pradeep,30,b
1240,207,pradeep,141,kumar
1241,207,pradeep,100,garga
1242,141,kumar,30,b
1243,141,kumar,207,pradeep
1244,141,kumar,100,garga
1245,141,kumar,232,saurabh
1246,100,garga,207,pradeep
1247,100,garga,141,kumar
1248,100,garga,232,saurabh
1249,100,garga,269,vijaya
1250,232,saurabh,141,kumar
1251,232,saurabh,100,garga
1252,232,saurabh,269,vijaya
1253,232,saurabh,18,antara
1254,269,vijaya,100,garga
1255,269,vijaya,232,saurabh
1256,269,vijaya,18,antara
1257,269,vijaya,65,dasguptab
1258,18,antara,232,saurabh
1259,18,antara,269,vijaya
1260,18,antara,65,dasguptab
1261,18,antara,6,adepart
1262,65,dasguptab,269,vijaya
1263,65,dasguptab,18,antara
1264,65,dasguptab,6,adepart
1265,65,dasguptab,50,civil
1266,6,adepart,18,antara
1267,6,adepart,65,dasguptab
1268,6,adepart,50,civil
1269,6,adepart,81,engin
1270,50,civil,65,dasguptab
1271,50,civil,6,adepart
1272,50,civil,81,engin
1273,50,civil,120,indian
1274,81,engin,6,adepart
1275,81,engin,50,civil
1276,81,engin,120,indian
1277,81,engin,124,institut
1278,120,indian,50,civil
1279,120,indian,81,engin
1280,120,indian,124,institut
1281,120,indian,255,technolog
1282,124,institut,81,engin
1283,124,institut,120,indian
1284,124,institut,255,technolog
1285,124,institut,227,roorke
1286,255,technolog,120,indian
1287,255,technolog,124,institut
1288,255,technolog,227,roorke
1289,255,technolog,267,uttarakhand
1290,227,roorke,124,institut
1291,227,roorke,255,technolog
1292,227,roorke,267,uttarakhand
1293,227,roorke,119,india
1294,267,uttarakhand,255,technolog
1295,267,uttarakhand,227,roorke
1296,267,uttarakhand,119,india
1297,267,uttarakhand,42,brwth
1298,119,india,227,roorke
1299,119,india,267,uttarakhand
1300,119,india,42,brwth
1301,119,india,0,aachen
1302,42,brwth,267,uttarakhand
1303,42,brwth,119,india
1304,42,brwth,0,aachen
1305,42,brwth,265,univers
1306,0,aachen,119,india
1307,0,aachen,42,brwth
1308,0,aachen,265,univers
1309,0,aachen,66,data
1310,265,univers,42,brwth
1311,265,univers,0,aachen
1312,265,univers,66,data
1313,265,univers,75,driven
1314,66,data,0,aachen
1315,66,data,265,univers
1316,66,data,75,driven
1317,66,data,57,comput
1318,75,driven,265,univers
1319,75,driven,66,data
1320,75,driven,57,comput
1321,75,driven,144,lab
1322,57,comput,66,data
1323,57,comput,75,driven
1324,57,comput,144,lab
1325,57,comput,124,institut
1326,144,lab,75,driven
1327,144,lab,57,comput
1328,144,lab,124,institut
1329,144,lab,115,hydraul
1330,124,institut,57,comput
1331,124,institut,144,lab
1332,124,institut,115,hydraul
1333,124,institut,81,engin
1334,115,hydraul,144,lab
1335,115,hydraul,124,institut
1336,115,hydraul,81,engin
1337,115,hydraul,272,water
1338,81,engin,124,institut
1339,81,engin,115,hydraul
1340,81,engin,272,water
1341,81,engin,221,resourc
1342,272,water,115,hydraul
1343,272,water,81,engin
1344,272,water,221,resourc
1345,272,water,161,manag
1346,221,resourc,81,engin
1347,221,resourc,272,water
1348,221,resourc,161,manag
1349,221,resourc,126,iww
1350,161,manag,272,water
1351,161,manag,221,resourc
1352,161,manag,126,iww
1353,161,manag,89,faculti
1354,126,iww,221,resourc
1355,126,iww,161,manag
1356,126,iww,89,faculti
1357,89,faculti,161,manag
1358,89,faculti,126,iww
1359,224,rice,284,yield
1360,224,rice,208,predict
1361,284,yield,224,rice
1362,284,yield,208,predict
1363,284,yield,34,base
1364,208,predict,224,rice
1365,208,predict,284,yield
1366,208,predict,34,base
1367,208,predict,263,uav
1368,34,base,284,yield
1369,34,base,208,predict
1370,34,base,263,uav
1371,34,base,178,multispectr
1372,263,uav,208,predict
1373,263,uav,34,base
1374,263,uav,178,multispectr
1375,263,uav,118,imageri
1376,178,multispectr,34,base
1377,178,multispectr,263,uav
1378,178,multispectr,118,imageri
1379,178,multispectr,266,use
1380,118,imageri,263,uav
1381,118,imageri,178,multispectr
1382,118,imageri,266,use
1383,118,imageri,158,machin
1384,266,use,178,multispectr
1385,266,use,118,imageri
1386,266,use,158,machin
1387,266,use,146,learn
1388,158,machin,118,imageri
1389,158,machin,266,use
1390,158,machin,146,learn
1391,158,machin,170,method
1392,146,learn,266,use
1393,146,learn,158,machin
1394,146,learn,170,method
1395,146,learn,293,zenghui
1396,170,method,158,machin
1397,170,method,146,learn
1398,170,method,293,zenghui
1399,170,method,150,liang
1400,293,zenghui,146,learn
1401,293,zenghui,170,method
1402,293,zenghui,150,liang
1403,293,zenghui,294,zhaopeng
1404,150,liang,170,method
1405,150,liang,293,zenghui
1406,150,liang,294,zhaopeng
1407,150,liang,95,fu
1408,294,zhaopeng,293,zenghui
1409,294,zhaopeng,150,liang
1410,294,zhaopeng,95,fu
1411,294,zhaopeng,69,denni
1412,95,fu,150,liang
1413,95,fu,294,zhaopeng
1414,95,fu,69,denni
1415,95,fu,139,kiplagat
1416,69,denni,294,zhaopeng
1417,69,denni,95,fu
1418,69,denni,139,kiplagat
1419,69,denni,273,weikang
1420,139,kiplagat,95,fu
1421,139,kiplagat,69,denni
1422,139,kiplagat,273,weikang
1423,139,kiplagat,270,wang
1424,273,weikang,69,denni
1425,273,weikang,139,kiplagat
1426,273,weikang,270,wang
1427,273,weikang,129,jinpeng
1428,270,wang,139,kiplagat
1429,270,wang,273,weikang
1430,270,wang,129,jinpeng
1431,270,wang,281,yang
1432,129,jinpeng,273,weikang
1433,129,jinpeng,270,wang
1434,129,jinpeng,281,yang
1435,129,jinpeng,297,zhongwei
1436,281,yang,270,wang
1437,281,yang,129,jinpeng
1438,281,yang,297,zhongwei
1439,281,yang,148,li
1440,297,zhongwei,129,jinpeng
1441,297,zhongwei,281,yang
1442,297,zhongwei,148,li
1443,297,zhongwei,210,qiang
1444,148,li,281,yang
1445,148,li,297,zhongwei
1446,148,li,210,qiang
1447,148,li,45,cao
1448,210,qiang,297,zhongwei
1449,210,qiang,148,li
1450,210,qiang,45,cao
1451,210,qiang,285,yongchao
1452,45,cao,148,li
1453,45,cao,210,qiang
1454,45,cao,285,yongchao
1455,45,cao,256,tian
1456,285,yongchao,210,qiang
1457,285,yongchao,45,cao
1458,285,yongchao,256,tian
1459,285,yongchao,279,yan
1460,256,tian,45,cao
1461,256,tian,285,yongchao
1462,256,tian,279,yan
1463,256,tian,298,zhu
1464,279,yan,285,yongchao
1465,279,yan,256,tian
1466,279,yan,298,zhu
1467,279,yan,275,weix
1468,298,zhu,256,tian
1469,298,zhu,279,yan
1470,298,zhu,275,weix
1471,298,zhu,45,cao
1472,275,weix,279,yan
1473,275,weix,298,zhu
1474,275,weix,45,cao
1475,275,weix,277,xiaojun
1476,45,cao,298,zhu
1477,45,cao,275,weix
1478,45,cao,277,xiaojun
1479,45,cao,153,liu
1480,277,xiaojun,275,weix
1481,277,xiaojun,45,cao
1482,277,xiaojun,153,liu
1483,277,xiaojun,182,nation
1484,153,liu,45,cao
1485,153,liu,277,xiaojun
1486,153,liu,182,nation
1487,153,liu,81,engin
1488,182,nation,277,xiaojun
1489,182,nation,153,liu
1490,182,nation,81,engin
1491,182,nation,255,technolog
1492,81,engin,153,liu
1493,81,engin,182,nation
1494,81,engin,255,technolog
1495,81,engin,47,center
1496,255,technolog,182,nation
1497,255,technolog,81,engin
1498,255,technolog,47,center
1499,255,technolog,123,inform
1500,47,center,81,engin
1501,47,center,255,technolog
1502,47,center,123,inform
1503,47,center,9,agricultur
1504,123,inform,255,technolog
1505,123,inform,47,center
1506,123,inform,9,agricultur
1507,123,inform,173,moe
1508,9,agricultur,47,center
1509,9,agricultur,123,inform
1510,9,agricultur,173,moe
1511,9,agricultur,81,engin
1512,173,moe,123,inform
1513,173,moe,9,agricultur
1514,173,moe,81,engin
1515,173,moe,220,research
1516,81,engin,9,agricultur
1517,81,engin,173,moe
1518,81,engin,220,research
1519,81,engin,47,center
1520,220,research,173,moe
1521,220,research,81,engin
1522,220,research,47,center
1523,220,research,245,smart
1524,47,center,81,engin
1525,47,center,220,research
1526,47,center,245,smart
1527,47,center,9,agricultur
1528,245,smart,220,research
1529,245,smart,47,center
1530,245,smart,9,agricultur
1531,245,smart,163,mara
1532,9,agricultur,47,center
1533,9,agricultur,245,smart
1534,9,agricultur,163,mara
1535,9,agricultur,136,key
1536,163,mara,245,smart
1537,163,mara,9,agricultur
1538,163,mara,136,key
1539,163,mara,145,laboratori
1540,136,key,9,agricultur
1541,136,key,163,mara
1542,136,key,145,laboratori
1543,136,key,63,crop
1544,145,laboratori,163,mara
1545,145,laboratori,136,key
1546,145,laboratori,63,crop
1547,145,laboratori,252,system
1548,63,crop,136,key
1549,63,crop,145,laboratori
1550,63,crop,252,system
1551,252,system,145,laboratori
1552,252,system,63,crop
1553,284,yield,208,predict
1554,284,yield,170,method
1555,208,predict,284,yield
1556,208,predict,170,method
1557,208,predict,217,regener
1558,170,method,284,yield
1559,170,method,208,predict
1560,170,method,217,regener
1561,170,method,224,rice
1562,217,regener,208,predict
1563,217,regener,170,method
1564,217,regener,224,rice
1565,217,regener,34,base
1566,224,rice,170,method
1567,224,rice,217,regener
1568,224,rice,34,base
1569,224,rice,116,hyperspectr
1570,34,base,217,regener
1571,34,base,224,rice
1572,34,base,116,hyperspectr
1573,34,base,117,imag
1574,116,hyperspectr,224,rice
1575,116,hyperspectr,34,base
1576,116,hyperspectr,117,imag
1577,116,hyperspectr,25,attent
1578,117,imag,34,base
1579,117,imag,116,hyperspectr
1580,117,imag,25,attent
1581,117,imag,167,mechan
1582,25,attent,116,hyperspectr
1583,25,attent,117,imag
1584,25,attent,167,mechan
1585,25,attent,256,tian
1586,167,mechan,117,imag
1587,167,mechan,25,attent
1588,167,mechan,256,tian
1589,167,mechan,111,hua
1590,256,tian,25,attent
1591,256,tian,167,mechan
1592,256,tian,111,hua
1593,256,tian,295,zhihua
1594,111,hua,167,mechan
1595,111,hua,256,tian
1596,111,hua,295,zhihua
1597,111,hua,154,liua
1598,295,zhihua,256,tian
1599,295,zhihua,111,hua
1600,295,zhihua,154,liua
1601,295,zhihua,226,rong
1602,154,liua,111,hua
1603,154,liua,295,zhihua
1604,154,liua,226,rong
1605,154,liua,113,hub
1606,226,rong,295,zhihua
1607,226,rong,154,liua
1608,226,rong,113,hub
1609,226,rong,156,lu
1610,113,hub,154,liua
1611,113,hub,226,rong
1612,113,hub,156,lu
1613,113,hub,292,zengc
1614,156,lu,226,rong
1615,156,lu,113,hub
1616,156,lu,292,zengc
1617,156,lu,133,kaiwen
1618,292,zengc,113,hub
1619,292,zengc,156,lu
1620,292,zengc,133,kaiwen
1621,292,zengc,67,denga
1622,133,kaiwen,156,lu
1623,133,kaiwen,292,zengc
1624,133,kaiwen,67,denga
1625,133,kaiwen,112,huanglin
1626,67,denga,292,zengc
1627,67,denga,133,kaiwen
1628,67,denga,112,huanglin
1629,67,denga,74,donga
1630,112,huanglin,133,kaiwen
1631,112,huanglin,67,denga
1632,112,huanglin,74,donga
1633,112,huanglin,171,ming
1634,74,donga,67,denga
1635,74,donga,112,huanglin
1636,74,donga,171,ming
1637,74,donga,149,lia
1638,171,ming,112,huanglin
1639,171,ming,74,donga
1640,171,ming,149,lia
1641,171,ming,281,yang
1642,149,lia,74,donga
1643,149,lia,171,ming
1644,149,lia,281,yang
1645,149,lia,132,jun
1646,281,yang,171,ming
1647,281,yang,149,lia
1648,281,yang,132,jun
1649,281,yang,68,dengd
1650,132,jun,149,lia
1651,132,jun,281,yang
1652,132,jun,68,dengd
1653,132,jun,10,ahunan
1654,68,dengd,281,yang
1655,68,dengd,132,jun
1656,68,dengd,10,ahunan
1657,68,dengd,9,agricultur
1658,10,ahunan,132,jun
1659,10,ahunan,68,dengd
1660,10,ahunan,9,agricultur
1661,10,ahunan,83,equip
1662,9,agricultur,68,dengd
1663,9,agricultur,10,ahunan
1664,9,agricultur,83,equip
1665,9,agricultur,220,research
1666,83,equip,10,ahunan
1667,83,equip,9,agricultur
1668,83,equip,220,research
1669,83,equip,124,institut
1670,220,research,9,agricultur
1671,220,research,83,equip
1672,220,research,124,institut
1673,220,research,114,hunan
1674,124,institut,83,equip
1675,124,institut,220,research
1676,124,institut,114,hunan
1677,124,institut,1,academi
1678,114,hunan,220,research
1679,114,hunan,124,institut
1680,114,hunan,1,academi
1681,114,hunan,9,agricultur
1682,1,academi,124,institut
1683,1,academi,114,hunan
1684,1,academi,9,agricultur
1685,1,academi,237,scienc
1686,9,agricultur,114,hunan
1687,9,agricultur,1,academi
1688,9,agricultur,237,scienc
1689,9,agricultur,48,changsha
1690,237,scienc,1,academi
1691,237,scienc,9,agricultur
1692,237,scienc,48,changsha
1693,237,scienc,49,china
1694,48,changsha,9,agricultur
1695,48,changsha,237,scienc
1696,48,changsha,49,china
1697,48,changsha,43,bschool
1698,49,china,237,scienc
1699,49,china,48,changsha
1700,49,china,43,bschool
1701,49,china,93,food
1702,43,bschool,48,changsha
1703,43,bschool,49,china
1704,43,bschool,93,food
1705,43,bschool,237,scienc
1706,93,food,49,china
1707,93,food,43,bschool
1708,93,food,237,scienc
1709,93,food,255,technolog
1710,237,scienc,43,bschool
1711,237,scienc,93,food
1712,237,scienc,255,technolog
1713,237,scienc,114,hunan
1714,255,technolog,93,food
1715,255,technolog,237,scienc
1716,255,technolog,114,hunan
1717,255,technolog,9,agricultur
1718,114,hunan,237,scienc
1719,114,hunan,255,technolog
1720,114,hunan,9,agricultur
1721,114,hunan,265,univers
1722,9,agricultur,255,technolog
1723,9,agricultur,114,hunan
1724,9,agricultur,265,univers
1725,9,agricultur,48,changsha
1726,265,univers,114,hunan
1727,265,univers,9,agricultur
1728,265,univers,48,changsha
1729,265,univers,49,china
1730,48,changsha,9,agricultur
1731,48,changsha,265,univers
1732,48,changsha,49,china
1733,48,changsha,46,cengin
1734,49,china,265,univers
1735,49,china,48,changsha
1736,49,china,46,cengin
1737,49,china,220,research
1738,46,cengin,48,changsha
1739,46,cengin,49,china
1740,46,cengin,220,research
1741,46,cengin,47,center
1742,220,research,49,china
1743,220,research,46,cengin
1744,220,research,47,center
1745,47,center,46,cengin
1746,47,center,220,research
